City_ID,City,Country,Date,Lat,Lng,Max Temp,Humidity,Cloudiness,Wind Speed
0,Lorengau,46,$Y-$m-16 09:19:49,-2.0226,147.2712,27.87,73,73,3.42
1,Ushuaia,40,$Y-$m-16 09:19:49,-54.8,-68.3,4.81,93,93,7.72
2,Yellowknife,100,$Y-$m-16 09:19:50,62.456,-114.3525,11.29,82,82,5.14
3,Punta Arenas,0,$Y-$m-16 09:19:15,-53.15,-70.9167,6.06,75,75,9.77
4,Qaanaaq,68,$Y-$m-16 09:19:51,77.484,-69.3632,-3.28,68,68,2.27
5,Shatrovo,5,$Y-$m-16 09:19:52,56.5167,64.6333,24.26,41,41,1.31
6,Chokurdakh,57,$Y-$m-16 09:19:52,70.6333,147.9167,19.01,35,35,5.52
7,Maumere,44,$Y-$m-16 09:19:52,-8.6199,122.2111,27.97,69,69,2.1
8,Sitka,0,$Y-$m-16 09:19:53,57.0531,-135.33,10.94,76,76,1.54
9,Sfantu Gheorghe,14,$Y-$m-16 09:19:53,45.8667,25.7833,23.09,49,49,1.47
10,Kavieng,52,$Y-$m-16 09:19:54,-2.5744,150.7967,27.23,79,79,3.93
11,Torbay,40,$Y-$m-16 09:19:54,47.6666,-52.7314,7.43,83,83,2.06
12,Avarua,21,$Y-$m-16 09:19:55,-21.2078,-159.775,21.03,94,94,0.51
13,Kaitangata,100,$Y-$m-16 09:19:55,-46.2817,169.8464,6.2,76,76,5.27
14,Norman Wells,20,$Y-$m-16 09:19:56,65.282,-126.8329,8.02,66,66,3.6
15,Albany,39,$Y-$m-16 09:22:45,42.6001,-73.9662,19.24,80,80,1.34
16,Belaya Gora,18,$Y-$m-16 09:19:56,68.5333,146.4167,21.17,32,32,6.16
17,Rikitea,73,$Y-$m-16 09:19:57,-23.1203,-134.9692,22.56,67,67,3.1
18,Nanchong,93,$Y-$m-16 09:19:58,30.7951,106.0847,31.36,46,46,2.63
19,Yarmouth,0,$Y-$m-16 09:19:58,41.7057,-70.2286,16.68,93,93,1.34
20,Roma,75,$Y-$m-16 09:16:38,43.2128,-75.4557,20.48,91,91,5.14
21,Mahebourg,75,$Y-$m-16 09:20:00,-20.4081,57.7,26.16,65,65,7.2
22,Maketu,6,$Y-$m-16 09:20:00,-37.7667,176.45,14.47,79,79,4.37
23,Tuktoyaktuk,0,$Y-$m-16 09:20:01,69.4541,-133.0374,3.41,71,71,6.09
24,Daru,59,$Y-$m-16 09:20:01,-9.0763,143.2092,26.05,89,89,6.23
25,Rawson,0,$Y-$m-16 09:20:02,-43.3002,-65.1023,6.21,73,73,4.57
26,Wuwei,92,$Y-$m-16 09:20:02,37.9281,102.6414,34.62,7,7,3.3
27,Nizhniy Tsasuchey,6,$Y-$m-16 09:20:03,50.5167,115.1333,27.21,27,27,3.09
28,Padang,100,$Y-$m-16 09:20:03,-0.9492,100.3543,30.03,78,78,2.02
29,Mataura,100,$Y-$m-16 09:20:04,-46.1927,168.8643,6.38,91,91,2.22
30,Tukums,100,$Y-$m-16 09:20:04,56.9669,23.1553,18.64,48,48,3.53
31,Lubango,6,$Y-$m-16 09:20:05,-14.9172,13.4925,21.74,7,7,3.03
32,Hithadhoo,100,$Y-$m-16 09:20:05,-0.6,73.0833,28.36,69,69,3.34
33,Mount Isa,5,$Y-$m-16 09:18:20,-20.7333,139.5,20.87,30,30,4.63
34,Labuhan,81,$Y-$m-16 09:20:05,-6.8844,112.2051,28.76,77,77,4.45
35,Bengkulu,99,$Y-$m-16 09:20:06,-3.8004,102.2655,27.85,75,75,1.87
36,Almenara,0,$Y-$m-16 09:20:07,-16.1836,-40.6944,13.5,97,97,1.32
37,Cape Town,0,$Y-$m-16 09:19:34,-33.9258,18.4232,15.06,62,62,1.54
38,Bluff,64,$Y-$m-16 09:20:08,-46.6,168.3333,6.56,65,65,6.84
39,Khatanga,97,$Y-$m-16 09:20:08,71.9667,102.5,23.41,29,29,5.28
40,Deputatskiy,100,$Y-$m-16 09:20:09,69.3,139.9,14.36,47,47,4.09
41,Acapulco,100,$Y-$m-16 09:19:48,16.8634,-99.8901,22.9,94,94,4.12
42,Ribeira Grande,20,$Y-$m-16 09:21:09,38.5167,-28.7,20.22,83,83,5.66
43,Kortkeros,100,$Y-$m-16 09:21:10,61.8106,51.5806,22.0,80,80,2.64
44,Bambous Virieux,75,$Y-$m-16 09:21:10,-20.3428,57.7575,26.14,65,65,7.2
45,Fuyu,81,$Y-$m-16 09:21:11,45.1833,124.8167,22.23,69,69,4.11
46,Kununurra,29,$Y-$m-16 09:21:11,-15.7667,128.7333,25.99,31,31,2.06
47,Saldanha,50,$Y-$m-16 09:21:12,-33.0117,17.9442,15.03,49,49,5.16
48,Shubarshi,15,$Y-$m-16 09:21:13,48.5872,57.1869,30.97,18,18,1.84
49,Port Elizabeth,0,$Y-$m-16 09:21:13,-33.918,25.5701,15.73,56,56,4.12
50,Port Alfred,59,$Y-$m-16 09:21:14,-33.5906,26.891,16.21,53,53,3.13
51,Lagoa,8,$Y-$m-16 09:21:15,39.05,-27.9833,18.12,89,89,4.01
52,Berezovyy,98,$Y-$m-16 09:21:16,51.6667,135.7,15.29,87,87,3.28
53,Cockburn Town,62,$Y-$m-16 09:21:16,21.4612,-71.1419,27.55,76,76,6.67
54,Carnarvon,99,$Y-$m-16 09:21:18,-24.8667,113.6333,22.91,76,76,4.1
55,Dale,0,$Y-$m-16 09:21:18,38.1689,-86.99,27.06,83,83,3.6
56,Vangaindrano,36,$Y-$m-16 09:21:18,-23.35,47.6,24.6,70,70,4.08
57,Sungaipenuh,100,$Y-$m-16 09:21:19,-2.0833,101.3833,21.88,92,92,0.68
58,Gazimurskiy Zavod,94,$Y-$m-16 09:21:20,51.5461,118.3266,20.42,53,53,1.43
59,Tondano,80,$Y-$m-16 09:21:21,1.3038,124.9112,26.05,78,78,1.47
60,Tasiilaq,100,$Y-$m-16 09:21:21,65.6145,-37.6368,3.09,98,98,2.33
61,Kodiak,0,$Y-$m-16 09:21:22,57.79,-152.4072,6.73,81,81,2.06
62,Laibin,100,$Y-$m-16 09:21:22,23.7,109.2667,28.22,84,84,4.49
63,Tunceli,8,$Y-$m-16 09:21:23,39.1083,39.5471,26.39,38,38,1.66
64,Laguna,0,$Y-$m-16 09:21:24,38.421,-121.4238,18.94,58,58,2.57
65,Atuona,7,$Y-$m-16 09:21:24,-9.8,-139.0333,25.48,67,67,8.91
66,Hobart,40,$Y-$m-16 09:17:44,-42.8794,147.3294,8.92,92,92,3.6
67,Coahuayana,100,$Y-$m-16 09:21:25,18.7333,-103.6833,25.14,92,92,1.26
68,Vanavara,86,$Y-$m-16 09:21:26,60.34,102.2797,26.95,39,39,2.63
69,Trelew,0,$Y-$m-16 09:21:26,-43.249,-65.3051,5.33,74,74,4.02
70,Butaritari,20,$Y-$m-16 09:21:26,3.0707,172.7902,27.98,73,73,5.82
71,Hamilton,0,$Y-$m-16 09:19:51,39.1834,-84.5333,27.43,83,83,2.57
72,Skibotn,69,$Y-$m-16 09:21:28,69.3913,20.2679,10.79,68,68,2.44
73,Palmerston,20,$Y-$m-16 09:21:28,-12.486,130.9833,30.02,69,69,2.06
74,Victoria,33,$Y-$m-16 09:20:08,22.2855,114.1577,30.66,80,80,4.92
75,Manado,20,$Y-$m-16 09:21:29,1.487,124.8455,30.43,62,62,2.06
76,Arraial Do Cabo,0,$Y-$m-16 09:21:29,-22.9661,-42.0278,13.92,100,100,2.06
77,Hermanus,85,$Y-$m-16 09:21:30,-34.4187,19.2345,13.22,59,59,3.56
78,Port Blair,75,$Y-$m-16 09:21:31,11.6667,92.75,30.02,70,70,4.12
79,Saint-Philippe,62,$Y-$m-16 09:21:31,-21.3585,55.7679,25.77,79,79,6.55
80,Saint George,0,$Y-$m-16 09:21:31,37.1041,-113.5841,23.86,17,17,2.24
81,Okoneshnikovo,51,$Y-$m-16 09:21:32,54.8377,75.0834,20.22,53,53,6.52
82,Shingu,100,$Y-$m-16 09:21:32,33.7333,135.9833,22.55,88,88,3.5
83,Nsunga,88,$Y-$m-16 09:21:33,-1.1439,31.3947,25.75,47,47,2.74
84,Caconda,32,$Y-$m-16 09:25:01,-13.7333,15.0667,22.76,19,19,1.57
85,Abu Samrah,0,$Y-$m-16 09:25:02,35.3029,37.1841,31.04,27,27,1.86
86,Tromso,75,$Y-$m-16 09:25:03,69.6496,18.957,10.01,62,62,4.12
87,Keuruu,93,$Y-$m-16 09:25:03,62.2667,24.7,13.1,57,57,6.65
88,Novorzhev,80,$Y-$m-16 09:25:04,57.0294,29.3338,18.54,48,48,5.23
89,Naze,100,$Y-$m-16 09:25:04,28.3667,129.4833,23.51,90,90,4.03
90,Vaini,20,$Y-$m-16 09:25:05,-21.2,-175.2,23.09,88,88,2.06
91,Airai,100,$Y-$m-16 09:25:06,-8.9266,125.4092,17.52,86,86,1.47
92,Ponta Do Sol,36,$Y-$m-16 09:25:06,32.6667,-17.1,22.62,67,67,3.0
93,Lavrentiya,100,$Y-$m-16 09:25:06,65.5833,-171.0,4.38,96,96,8.9
94,Fort Nelson,75,$Y-$m-16 09:25:07,58.8053,-122.7002,13.77,62,62,2.57
95,Faanui,10,$Y-$m-16 09:25:07,-16.4833,-151.75,26.94,73,73,7.21
96,Luderitz,16,$Y-$m-16 09:25:08,-26.6481,15.1594,20.59,29,29,4.05
97,Kapaa,100,$Y-$m-16 09:25:09,22.0752,-159.319,25.99,98,98,5.66
98,Ishinomaki,100,$Y-$m-16 09:25:09,38.4167,141.3,22.0,88,88,1.96
99,Orange,100,$Y-$m-16 09:25:10,33.7,-117.7675,19.82,87,87,0.0
100,Beloha,12,$Y-$m-16 09:25:10,-25.1667,45.05,26.6,42,42,7.7
101,Cabedelo,9,$Y-$m-16 09:25:11,-6.9811,-34.8339,21.37,76,76,2.74
102,Busselton,6,$Y-$m-16 09:25:11,-33.65,115.3333,18.41,76,76,6.37
103,Port Hardy,100,$Y-$m-16 09:25:12,50.6996,-127.4199,10.1,100,100,1.03
104,La Ronge,100,$Y-$m-16 09:25:12,55.1001,-105.2842,14.14,88,88,5.66
105,Nikolskoye,12,$Y-$m-16 09:25:12,59.7035,30.7861,16.94,52,52,6.87
106,Havre-Saint-Pierre,0,$Y-$m-16 09:25:13,50.2334,-63.5986,11.2,87,87,4.12
107,New Norfolk,8,$Y-$m-16 09:25:13,-42.7826,147.0587,8.73,91,91,0.84
108,Vega Baja,100,$Y-$m-16 09:23:28,18.4444,-66.3877,25.91,99,99,2.69
109,Menongue,75,$Y-$m-16 09:25:14,-14.6585,17.691,22.96,25,25,2.05
110,Kutum,1,$Y-$m-16 09:25:09,14.2,24.6667,31.49,18,18,8.75
111,Bethel,100,$Y-$m-16 09:25:15,41.3712,-73.414,18.2,88,88,1.54
112,Raudeberg,100,$Y-$m-16 09:25:15,61.9875,5.1352,11.64,92,92,6.58
113,Cabo San Lucas,29,$Y-$m-16 09:25:16,22.8909,-109.9124,27.01,70,70,5.2
114,Chumikan,99,$Y-$m-16 09:25:16,54.7183,135.315,4.92,89,89,3.06
115,Tuatapere,100,$Y-$m-16 09:25:17,-46.1333,167.6833,6.69,82,82,3.16
116,Jamestown,33,$Y-$m-16 09:22:47,42.097,-79.2353,24.77,91,91,0.89
117,Palasbari,75,$Y-$m-16 09:25:18,26.1361,91.5486,25.03,94,94,1.03
118,Biltine,1,$Y-$m-16 09:25:19,14.5333,20.9167,35.18,25,25,1.48
119,Mehamn,75,$Y-$m-16 09:25:19,71.0357,27.8492,4.95,87,87,3.09
120,East London,31,$Y-$m-16 09:25:20,-33.0153,27.9116,15.82,50,50,6.36
121,Erenhot,73,$Y-$m-16 09:25:20,43.6475,111.9767,31.58,18,18,6.67
122,Georgetown,20,$Y-$m-16 09:25:21,5.4112,100.3354,32.97,66,66,4.63
123,Thinadhoo,100,$Y-$m-16 09:25:21,0.5333,72.9333,28.78,70,70,4.03
124,Macapa,20,$Y-$m-16 09:25:22,0.0389,-51.0664,22.99,94,94,0.0
125,Barrow,0,$Y-$m-16 09:24:52,71.2906,-156.7887,2.01,80,80,2.06
126,Roros,75,$Y-$m-16 09:25:22,62.5747,11.3842,13.91,58,58,1.54
127,Constitucion,5,$Y-$m-16 09:25:23,-35.3333,-72.4167,9.14,89,89,2.42
128,Egvekinot,100,$Y-$m-16 09:25:23,66.3167,-179.1667,0.18,100,100,0.23
129,Pangnirtung,100,$Y-$m-16 09:25:23,66.1451,-65.7125,1.51,97,97,3.25
130,Dehui,59,$Y-$m-16 09:26:24,44.5333,125.7,23.54,68,68,7.31
131,Chabahar,5,$Y-$m-16 09:26:24,25.2919,60.643,30.7,70,70,5.49
132,Mombetsu,100,$Y-$m-16 09:26:25,44.3525,143.3525,14.31,96,96,1.29
133,Snasa,97,$Y-$m-16 09:26:25,64.2457,12.3778,11.67,82,82,2.18
134,Barranca,86,$Y-$m-16 09:26:25,-10.75,-77.7667,15.78,82,82,4.17
135,Lakselv,75,$Y-$m-16 09:26:26,70.0513,24.9718,6.9,76,76,6.17
136,Hay River,100,$Y-$m-16 09:26:26,60.8156,-115.7999,7.99,87,87,3.09
137,Hilo,20,$Y-$m-16 09:26:27,19.7297,-155.09,22.57,79,79,3.6
138,Ponta Delgada,75,$Y-$m-16 09:26:28,37.7333,-25.6667,19.72,82,82,3.6
139,Kenora,100,$Y-$m-16 09:26:28,49.8167,-94.4337,15.54,82,82,5.66
140,Paka,20,$Y-$m-16 09:26:29,4.6374,103.4368,30.96,66,66,1.54
141,Biak,55,$Y-$m-16 09:26:29,-0.9131,122.8766,26.49,80,80,2.54
142,Upernavik,100,$Y-$m-16 09:26:30,72.7868,-56.1549,-0.02,64,64,1.2
143,Zhanakorgan,0,$Y-$m-16 09:26:30,43.9098,67.2495,36.35,13,13,5.65
144,Frederikssund,100,$Y-$m-16 09:26:30,55.8396,12.069,18.83,72,72,1.34
145,Ituacu,0,$Y-$m-16 09:26:31,-13.8133,-41.2967,14.38,89,89,0.3
146,Schmallenberg,14,$Y-$m-16 09:26:31,51.15,8.3,22.68,49,49,3.2
147,Garh Maharaja,4,$Y-$m-16 09:26:32,30.8339,71.9053,46.28,13,13,8.76
148,Sao Joao Da Barra,64,$Y-$m-16 09:26:33,-21.6403,-41.0511,16.05,88,88,2.54
149,Black River,100,$Y-$m-16 09:26:33,18.0264,-77.8487,25.84,78,78,4.11
150,Mae Ramat,99,$Y-$m-16 09:26:34,16.984,98.5166,32.67,62,62,2.63
151,Lebu,4,$Y-$m-16 09:26:34,-37.6167,-73.65,8.25,89,89,2.5
152,Civita Castellana,39,$Y-$m-16 09:26:34,42.2952,12.4092,33.27,33,33,0.61
153,Waingapu,100,$Y-$m-16 09:26:35,-9.6567,120.2641,27.61,68,68,6.81
154,Chato,27,$Y-$m-16 09:26:35,-2.6378,31.7669,26.29,45,45,2.75
155,Ossora,100,$Y-$m-16 09:26:36,59.2353,163.0719,8.37,85,85,4.37
156,Mar Del Plata,100,$Y-$m-16 09:26:09,-38.0023,-57.5575,8.94,91,91,2.06
157,Bredasdorp,71,$Y-$m-16 09:26:37,-34.5322,20.0403,12.06,58,58,2.5
158,Vardo,100,$Y-$m-16 09:26:37,70.3705,31.1107,4.99,87,87,7.2
159,Mocuba,0,$Y-$m-16 09:26:38,-16.8392,36.9856,28.16,48,48,0.38
160,Dingle,100,$Y-$m-16 09:26:38,10.9995,122.6711,30.15,70,70,2.31
161,El Fuerte,68,$Y-$m-16 09:26:39,26.4189,-108.6194,30.45,46,46,0.4
162,Thompson,75,$Y-$m-16 09:26:33,55.7435,-97.8558,14.09,72,72,5.14
163,Olafsvik,91,$Y-$m-16 09:26:40,64.8945,-23.7142,9.06,70,70,6.56
164,Puerto Ayora,56,$Y-$m-16 09:26:41,-0.7393,-90.3518,20.86,98,98,2.24
165,Zabol,0,$Y-$m-16 09:26:41,32.25,67.25,34.6,7,7,4.91
166,Pisco,0,$Y-$m-16 09:26:42,-13.7,-76.2167,12.23,87,87,1.54
167,Merrill,0,$Y-$m-16 09:26:03,45.1805,-89.6835,15.4,94,94,3.6
168,Monte Alegre,22,$Y-$m-16 09:26:42,-2.0078,-54.0692,20.98,96,96,1.46
169,Baruun-Urt,88,$Y-$m-16 09:26:43,46.6806,113.2792,24.84,37,37,1.97
170,Henties Bay,0,$Y-$m-16 09:26:43,-22.116,14.2845,19.33,49,49,3.5
171,Klaksvik,100,$Y-$m-16 09:26:44,62.2266,-6.589,11.51,88,88,3.61
172,Tadine,56,$Y-$m-16 09:26:45,-21.55,167.8833,23.89,85,85,7.75
173,Longyearbyen,75,$Y-$m-16 09:26:45,78.2186,15.6401,4.91,70,70,4.12
174,Tinogboc,11,$Y-$m-16 09:26:45,12.0074,121.4122,29.82,72,72,4.91
175,Antalaha,50,$Y-$m-16 09:26:46,-14.9003,50.2788,26.18,61,61,4.17
176,Rorvik,100,$Y-$m-16 09:27:46,64.8621,11.2373,11.99,98,98,3.98
177,Hami,81,$Y-$m-16 09:27:47,42.8,93.45,39.84,8,8,4.86
178,Makakilo City,20,$Y-$m-16 09:27:47,21.3469,-158.0858,24.18,79,79,4.63
179,Samarai,100,$Y-$m-16 09:27:48,-10.6167,150.6667,26.85,81,81,2.35
180,Cherskiy,11,$Y-$m-16 09:27:48,68.75,161.3,13.55,28,28,4.72
181,Port Macquarie,31,$Y-$m-16 09:27:49,-31.4333,152.9167,13.27,70,70,1.6
182,Miri,40,$Y-$m-16 09:27:49,4.4148,114.0089,26.08,89,89,2.06
183,Bilibino,0,$Y-$m-16 09:27:50,68.0546,166.4372,11.54,34,34,6.24
184,Drumnadrochit,100,$Y-$m-16 09:27:50,57.3344,-4.4799,19.21,81,81,2.2
185,Ituporanga,5,$Y-$m-16 09:27:51,-27.4144,-49.6025,9.7,98,98,0.56
186,Mizan Teferi,62,$Y-$m-16 09:27:51,6.9833,35.5833,25.56,53,53,0.85
187,Provideniya,100,$Y-$m-16 09:27:52,64.3833,-173.3,4.73,98,98,6.66
188,Maniitsoq,100,$Y-$m-16 09:27:52,65.4167,-52.9,2.68,69,69,2.9
189,Allen,75,$Y-$m-16 09:27:53,41.0706,-85.0144,27.19,76,76,6.69
190,Seryshevo,96,$Y-$m-16 09:27:54,51.0933,128.3786,19.73,78,78,4.17
191,Arroyo,0,$Y-$m-16 09:27:54,41.6096,-4.7969,29.77,40,40,4.63
192,Charters Towers,52,$Y-$m-16 09:27:55,-20.1,146.2667,20.24,58,58,3.76
193,Abha,40,$Y-$m-16 09:27:56,18.2164,42.5053,31.14,9,9,7.2
194,Brainerd,100,$Y-$m-16 09:26:51,46.358,-94.2008,20.14,53,53,8.21
195,Muravlenko,100,$Y-$m-16 09:27:57,63.7898,74.523,16.48,73,73,8.9
196,Asyut,0,$Y-$m-16 09:27:57,27.181,31.1837,34.02,24,24,8.4
197,Urusha,90,$Y-$m-16 09:27:58,54.05,122.9,25.5,22,22,3.33
198,Riohacha,97,$Y-$m-16 09:27:58,11.5444,-72.9072,24.7,91,91,3.54
199,Iqaluit,100,$Y-$m-16 09:27:59,63.7506,-68.5145,2.85,86,86,8.23
200,Jawhar,97,$Y-$m-16 09:27:59,2.7809,45.5005,32.61,41,41,7.87
201,Uyuni,0,$Y-$m-16 09:28:00,-20.4597,-66.825,-0.98,14,14,4.76
202,Marawi,97,$Y-$m-16 09:28:00,7.9986,124.2928,22.91,95,95,1.43
203,Nelson Bay,38,$Y-$m-16 09:28:01,-32.7167,152.15,16.72,61,61,6.25
204,Crotone,0,$Y-$m-16 09:28:01,39.0851,17.1178,29.55,30,30,4.63
205,Castro,0,$Y-$m-16 09:28:02,-24.7911,-50.0119,9.76,85,85,0.8
206,Tiksi,36,$Y-$m-16 09:28:02,71.6872,128.8694,1.78,74,74,3.53
207,Port Lincoln,96,$Y-$m-16 09:28:03,-34.7333,135.8667,14.81,65,65,3.04
208,Los Llanos De Aridane,20,$Y-$m-16 09:28:03,28.6585,-17.9182,19.86,87,87,7.72
209,Coihaique,20,$Y-$m-16 09:27:12,-45.5752,-72.0662,5.97,56,56,4.12
210,Haines Junction,48,$Y-$m-16 09:28:04,60.7522,-137.5108,5.97,93,93,0.51
211,Vila Franca Do Campo,27,$Y-$m-16 09:28:04,37.7167,-25.4333,19.55,78,78,2.25
212,Cairns,40,$Y-$m-16 09:26:47,-16.9167,145.7667,22.97,83,83,4.12
213,Lampazos De Naranjo,10,$Y-$m-16 09:28:05,27.0167,-100.5167,23.68,75,75,4.06
214,Solwezi,76,$Y-$m-16 09:28:06,-12.1688,26.3894,24.11,26,26,2.61
215,Dunedin,100,$Y-$m-16 09:24:08,-45.8742,170.5036,7.11,82,82,2.68
216,Nome,100,$Y-$m-16 09:28:07,64.5011,-165.4064,6.04,76,76,3.6
217,Grindavik,75,$Y-$m-16 09:28:07,63.8424,-22.4338,10.97,81,81,7.2
218,Grand Gaube,74,$Y-$m-16 09:28:07,-20.0064,57.6608,26.22,62,62,5.36
219,Inhambane,32,$Y-$m-16 09:28:08,-23.865,35.3833,22.21,56,56,6.95
220,Dikson,23,$Y-$m-16 09:28:08,73.5069,80.5464,1.08,93,93,2.14
221,Ngorongoro,5,$Y-$m-16 09:27:13,-3.2397,35.4875,19.96,40,40,3.18
222,Souillac,75,$Y-$m-16 09:29:09,-20.5167,57.5167,26.21,65,65,7.2
223,Half Moon Bay,40,$Y-$m-16 09:29:10,37.4636,-122.4286,14.37,77,77,8.23
224,Hereford,95,$Y-$m-16 09:29:10,52.0568,-2.7148,20.67,73,73,1.47
225,Lufilufi,31,$Y-$m-16 09:29:11,-13.8745,-171.5986,22.88,80,80,9.26
226,Vicosa,4,$Y-$m-16 09:29:11,-20.7539,-42.8819,10.18,93,93,0.82
227,Nouadhibou,7,$Y-$m-16 09:29:12,20.931,-17.0347,21.99,73,73,10.8
228,Nanortalik,0,$Y-$m-16 09:29:12,60.1432,-45.2371,3.24,87,87,2.57
229,Telhara,99,$Y-$m-16 09:27:46,21.0269,76.8389,35.46,37,37,4.45
230,Dingli,0,$Y-$m-16 09:29:14,35.8614,14.3822,28.09,32,32,2.57
231,Bastrop,0,$Y-$m-16 09:29:14,32.7562,-91.8724,23.82,94,94,2.08
232,Margate,100,$Y-$m-16 09:29:14,51.3813,1.3862,23.95,60,60,3.02
233,Kigoma,43,$Y-$m-16 09:29:15,-4.8769,29.6267,26.69,58,58,2.27
234,Sao Filipe,81,$Y-$m-16 09:29:15,14.8961,-24.4956,22.82,84,84,4.31
235,Naliya,29,$Y-$m-16 09:29:16,23.2667,68.8333,33.74,53,53,8.92
236,Nouakchott,93,$Y-$m-16 09:25:41,18.0858,-15.9785,26.96,74,74,7.33
237,Odweyne,74,$Y-$m-16 09:29:17,9.4092,45.064,30.65,31,31,10.6
238,Esperance,0,$Y-$m-16 09:29:17,-33.8667,121.9,17.64,59,59,2.82
239,Santa Cruz De La Palma,20,$Y-$m-16 09:28:15,28.6835,-17.7642,22.08,68,68,7.72
240,Ilulissat,29,$Y-$m-16 09:29:19,69.2167,-51.1,7.01,45,45,6.69
241,Tougan,99,$Y-$m-16 09:29:19,13.0667,-3.0667,32.41,42,42,4.69
242,Saint Anthony,0,$Y-$m-16 09:29:20,45.0205,-93.218,20.14,66,66,5.66
243,Kazerun,0,$Y-$m-16 09:29:21,29.6195,51.6541,40.11,6,6,3.96
244,Kyren,37,$Y-$m-16 09:29:22,51.6828,102.1408,23.8,55,55,1.73
245,Hovd,100,$Y-$m-16 09:29:22,48.0056,91.6419,27.16,20,20,3.72
246,Cayenne,100,$Y-$m-16 09:29:23,4.9333,-52.3333,23.94,1,1,1.03
247,Soteapan,97,$Y-$m-16 09:29:24,18.2333,-94.8667,21.51,86,86,2.69
248,Thenzawl,100,$Y-$m-16 09:29:25,23.3167,92.75,21.4,98,98,1.29
249,Chapais,98,$Y-$m-16 09:29:25,49.7834,-74.8492,17.88,78,78,5.14
250,Mount Pleasant,5,$Y-$m-16 09:28:34,32.7941,-79.8626,24.99,92,92,0.89
251,Itoman,75,$Y-$m-16 09:29:27,26.1247,127.6694,25.22,96,96,3.6
252,Jambi,99,$Y-$m-16 09:29:27,-1.6,103.6167,27.32,89,89,0.99
253,Wencheng,0,$Y-$m-16 09:29:28,33.0559,113.7978,38.72,22,22,6.62
254,Gambo,100,$Y-$m-16 09:29:28,4.6482,22.2633,29.3,60,60,0.89
255,Tubuala,99,$Y-$m-16 09:29:29,9.5167,-79.0333,25.53,87,87,4.43
256,Hobyo,100,$Y-$m-16 09:29:29,5.3505,48.5268,29.69,65,65,10.64
257,Panjab,0,$Y-$m-16 09:29:30,34.388,67.0233,23.79,11,11,3.9
258,Noumea,41,$Y-$m-16 09:29:30,-22.2763,166.4572,25.0,99,99,4.38
259,Mount Gambier,79,$Y-$m-16 09:29:31,-37.8333,140.7667,9.58,95,95,1.23
260,Trinidad,0,$Y-$m-16 09:29:31,-14.8333,-64.9,17.74,88,88,1.48
261,Gariaband,94,$Y-$m-16 09:29:33,20.635,82.0614,33.47,45,45,3.4
262,Oranjemund,3,$Y-$m-16 09:29:33,-28.55,16.4333,18.68,33,33,8.47
263,Marzuq,2,$Y-$m-16 09:29:34,14.4,46.4667,33.17,25,25,4.03
264,Grindsted,20,$Y-$m-16 09:29:35,55.754,8.9123,18.19,59,59,6.17
265,Ugoofaaru,95,$Y-$m-16 09:29:36,5.6667,73.0,27.84,77,77,6.03
266,Manokwari,94,$Y-$m-16 09:27:22,-0.8667,134.0833,27.25,76,76,1.48
267,Tura,99,$Y-$m-16 09:29:37,25.5198,90.2201,26.88,86,86,4.32
268,Bad Schwalbach,20,$Y-$m-16 09:30:37,50.1333,8.0667,24.82,48,48,1.34
269,Price,0,$Y-$m-16 09:30:38,39.5994,-110.8107,15.62,20,20,1.54
270,Fereydun Kenar,0,$Y-$m-16 09:30:39,36.6864,52.5225,26.23,62,62,4.48
271,Lhokseumawe,100,$Y-$m-16 09:30:39,5.1801,97.1507,27.6,77,77,2.11
272,Kahului,0,$Y-$m-16 09:30:40,20.8947,-156.47,24.91,78,78,6.17
273,Buala,100,$Y-$m-16 09:30:40,-8.145,159.5921,26.54,81,81,3.66
274,La Union,2,$Y-$m-16 09:30:41,-5.4,-80.75,16.01,87,87,4.3
275,Verkhnyaya Inta,99,$Y-$m-16 09:30:42,65.9811,60.3094,20.36,40,40,2.21
276,Yulara,82,$Y-$m-16 09:30:42,-25.2406,130.9889,19.48,32,32,3.06
277,Coquimbo,75,$Y-$m-16 09:30:43,-29.9533,-71.3436,11.85,100,100,1.03
278,Popovo,10,$Y-$m-16 09:30:43,43.35,26.2333,24.29,45,45,2.92
279,Nkoteng,100,$Y-$m-16 09:30:44,4.5167,12.0333,23.42,85,85,1.76
280,Dali,100,$Y-$m-16 09:27:26,25.7,100.1833,19.39,80,80,2.67
281,Morondava,0,$Y-$m-16 09:30:44,-20.2833,44.2833,25.66,62,62,4.65
282,Skibbereen,100,$Y-$m-16 09:30:45,51.55,-9.2667,16.17,69,69,2.48
283,Tsogni,98,$Y-$m-16 09:30:45,-2.7942,10.0988,25.49,70,70,3.98
284,Rio Verde De Mato Grosso,2,$Y-$m-16 09:30:46,-18.9181,-54.8442,19.57,61,61,1.98
285,Novobirilyussy,100,$Y-$m-16 09:30:47,56.9514,90.6661,16.95,84,84,2.76
286,Sabha,0,$Y-$m-16 09:30:47,27.0377,14.4283,31.99,20,20,3.89
287,Tenosique,17,$Y-$m-16 09:30:48,17.4833,-91.4333,21.29,91,91,2.81
288,Geraldton,80,$Y-$m-16 09:30:48,-28.7667,114.6,20.23,77,77,3.09
289,Curaca,36,$Y-$m-16 09:30:49,-8.9903,-39.9094,20.13,72,72,5.85
290,Khandyga,77,$Y-$m-16 09:30:49,62.6667,135.6,17.33,71,71,1.72
291,Hasaki,100,$Y-$m-16 09:30:49,35.7333,140.8333,22.94,82,82,7.57
292,Kaarina,0,$Y-$m-16 09:30:50,60.4072,22.369,20.18,48,48,4.12
293,Cidreira,23,$Y-$m-16 09:30:50,-30.1811,-50.2056,13.62,85,85,2.83
294,Namatanai,99,$Y-$m-16 09:30:51,-3.6667,152.4333,26.54,80,80,3.71
295,Assesse,64,$Y-$m-16 09:30:51,50.3693,5.022,20.55,51,51,3.63
296,San Juan Tepa,85,$Y-$m-16 09:30:51,20.2167,-99.0667,11.51,92,92,2.12
297,Viedma,2,$Y-$m-16 09:30:52,-40.8135,-62.9967,5.84,91,91,3.91
298,Te Anau,50,$Y-$m-16 09:30:52,-45.4167,167.7167,5.15,92,92,0.87
299,Neepawa,87,$Y-$m-16 09:30:53,50.2289,-99.4664,12.22,90,90,7.82
300,Santa Rosa,47,$Y-$m-16 09:30:54,14.3122,121.1114,31.99,69,69,3.27
301,Port Moresby,40,$Y-$m-16 09:30:55,-9.4431,147.1797,26.68,89,89,2.06
302,Arrecife,75,$Y-$m-16 09:29:33,28.963,-13.5477,22.99,64,64,7.2
303,Vestmannaeyjar,40,$Y-$m-16 09:30:56,63.4427,-20.2734,10.55,76,76,8.23
304,Khor,81,$Y-$m-16 09:30:56,47.8861,134.9464,21.18,74,74,0.77
305,Feijo,5,$Y-$m-16 09:30:57,-8.1642,-70.3536,19.77,92,92,0.31
306,Cookeville,0,$Y-$m-16 09:30:52,36.1628,-85.5016,25.44,96,96,0.0
307,Araouane,41,$Y-$m-16 09:30:58,18.9048,-3.5265,37.41,24,24,9.21
308,Parabel,61,$Y-$m-16 09:30:59,58.6978,81.4825,18.48,66,66,4.38
309,Vostok,99,$Y-$m-16 09:30:59,46.4856,135.8833,15.61,87,87,0.69
310,Bambanglipuro,86,$Y-$m-16 09:30:59,-7.95,110.2833,27.3,81,81,1.73
311,Salalah,75,$Y-$m-16 09:31:00,17.0151,54.0924,33.05,70,70,7.2
312,Pitlochry,96,$Y-$m-16 09:31:00,56.7051,-3.7343,17.72,65,65,3.12
313,Puerto Leguizamo,78,$Y-$m-16 09:31:02,-0.1934,-74.7819,19.58,95,95,0.35
314,Yangmei,100,$Y-$m-16 09:31:02,24.1023,112.5618,22.44,96,96,0.26
315,Olinda,75,$Y-$m-16 09:31:03,-8.0089,-34.8553,22.85,94,94,1.03
316,Oktyabrskiy,88,$Y-$m-16 09:32:03,54.4815,53.471,24.11,65,65,4.35
317,Dhule,69,$Y-$m-16 09:32:04,20.9,74.7833,36.91,32,32,3.07
318,Taoudenni,0,$Y-$m-16 09:32:04,22.6783,-3.9836,38.72,20,20,2.23
319,Kremnica,12,$Y-$m-16 09:32:05,48.7052,18.9183,24.79,41,41,1.79
320,Husavik,63,$Y-$m-16 09:32:05,66.0449,-17.3389,11.05,59,59,1.15
321,Polunochnoye,7,$Y-$m-16 09:32:06,60.8697,60.4153,26.28,28,28,0.11
322,Sur,7,$Y-$m-16 09:32:06,22.5667,59.5289,35.84,46,46,2.7
323,Pevek,8,$Y-$m-16 09:32:07,69.7008,170.3133,-0.39,83,83,3.52
324,Bershet,12,$Y-$m-16 09:32:07,57.7309,56.3783,24.44,68,68,2.56
325,Pacific Grove,0,$Y-$m-16 09:31:52,36.6177,-121.9166,13.06,83,83,3.13
326,Broome,100,$Y-$m-16 09:32:08,42.2506,-75.833,20.01,88,88,4.12
327,Saskylakh,31,$Y-$m-16 09:32:08,71.9167,114.0833,15.88,26,26,2.73
328,Englewood,0,$Y-$m-16 09:28:04,39.6478,-104.9878,18.65,40,40,1.54
329,Sobeslav,55,$Y-$m-16 09:32:09,49.2599,14.7186,27.51,40,40,1.98
330,Alvand,0,$Y-$m-16 09:32:10,36.3187,49.1678,24.35,29,29,6.57
331,Damietta,0,$Y-$m-16 09:32:10,31.4165,31.8133,27.94,61,61,4.9
332,Kampot,100,$Y-$m-16 09:32:11,10.6167,104.1833,31.03,72,72,3.41
333,Poronaysk,44,$Y-$m-16 09:32:11,49.2167,143.1167,11.9,82,82,4.18
334,Zhangjiakou,28,$Y-$m-16 09:32:12,40.81,114.8794,29.01,37,37,4.24
335,Bereda,68,$Y-$m-16 09:32:13,43.2686,-7.5406,26.99,38,38,1.57
336,Touros,5,$Y-$m-16 09:29:33,-5.1989,-35.4608,22.95,79,79,3.71
337,Meulaboh,100,$Y-$m-16 09:32:14,4.1363,96.1285,28.6,68,68,2.28
338,Japura,100,$Y-$m-16 09:32:15,-0.3167,102.35,28.43,85,85,0.64
339,Barra Do Corda,41,$Y-$m-16 09:32:15,-5.5,-45.25,20.83,87,87,0.82
340,Alice Springs,5,$Y-$m-16 09:32:16,-23.7,133.8833,16.75,42,42,3.6
341,Beyneu,16,$Y-$m-16 09:32:16,45.3167,55.2,33.68,13,13,2.9
342,Kosovska Mitrovica,5,$Y-$m-16 09:32:16,42.8833,20.8667,23.67,44,44,1.02
343,Noyabrsk,100,$Y-$m-16 09:32:18,63.1994,75.4507,14.65,87,87,8.57
344,Awbari,0,$Y-$m-16 09:32:18,26.5921,12.7805,33.16,17,17,5.61
345,Carutapera,99,$Y-$m-16 09:32:19,-1.195,-46.02,22.86,90,90,2.0
346,Nabire,99,$Y-$m-16 09:32:20,-3.3667,135.4833,25.96,85,85,0.44
347,Gat,0,$Y-$m-16 09:32:20,31.61,34.7642,33.0,35,35,6.93
348,Lompoc,0,$Y-$m-16 09:32:21,34.6391,-120.4579,15.87,92,92,1.54
349,Fairbanks,40,$Y-$m-16 09:32:21,64.8378,-147.7164,15.68,72,72,1.54
350,Manakara,42,$Y-$m-16 09:32:22,-22.1333,48.0167,26.08,65,65,2.91
351,Woodward,0,$Y-$m-16 09:32:22,36.4337,-99.3904,26.57,64,64,4.63
352,Comodoro Rivadavia,0,$Y-$m-16 09:32:23,-45.8667,-67.5,4.92,60,60,5.66
353,Mahajanga,40,$Y-$m-16 09:32:23,-15.7167,46.3167,32.01,48,48,5.14
354,Soure,60,$Y-$m-16 09:31:47,-0.7167,-48.5233,24.39,82,82,3.33
355,Teberda,67,$Y-$m-16 09:32:24,43.4456,41.7448,17.47,85,85,1.5
356,Kruisfontein,76,$Y-$m-16 09:32:24,-34.0033,24.7314,14.94,44,44,3.14
357,Gloversville,71,$Y-$m-16 09:32:25,43.0528,-74.3438,18.39,91,91,1.7
358,Madinat Sittah Uktubar,0,$Y-$m-16 09:32:26,29.8167,31.05,28.78,29,29,6.45
359,Neiafu,100,$Y-$m-16 09:32:26,-18.65,-173.9833,26.47,80,80,9.2
360,Poiana Sibiului,85,$Y-$m-16 09:33:27,45.8,23.7333,19.47,48,48,3.42
361,Vung Tau,89,$Y-$m-16 09:33:27,10.346,107.0843,29.87,69,69,5.13
362,Rognan,91,$Y-$m-16 09:33:28,67.0953,15.3878,13.2,76,76,2.11
363,Vyartsilya,100,$Y-$m-16 09:33:28,62.1764,30.693,10.0,87,87,4.88
364,Weligama,100,$Y-$m-16 09:33:29,5.9667,80.4167,26.68,82,82,5.14
365,Gamboma,98,$Y-$m-16 09:33:30,-1.8764,15.8644,31.89,45,45,1.61
366,Camacha,20,$Y-$m-16 09:33:31,33.0833,-16.3333,19.68,68,68,5.14
367,Eyl,41,$Y-$m-16 09:33:31,7.9803,49.8164,34.44,41,41,10.9
368,Portland,100,$Y-$m-16 09:33:28,45.5234,-122.6762,15.01,83,83,1.79
369,Madimba,13,$Y-$m-16 09:33:33,-10.4,40.3333,28.34,64,64,3.54
370,Bukama,39,$Y-$m-16 09:33:34,-9.2,25.85,34.01,18,18,2.26
371,Mwense,9,$Y-$m-16 09:33:34,-10.3845,28.698,29.54,23,23,2.66
372,Muisne,100,$Y-$m-16 09:33:35,0.6,-80.0333,23.36,89,89,2.98
373,San Pedro,75,$Y-$m-16 09:32:25,14.35,121.0167,31.57,68,68,3.09
374,Namibe,75,$Y-$m-16 09:33:35,-15.1961,12.1522,17.35,94,94,0.0
375,Bure,59,$Y-$m-16 09:33:36,10.7,37.0667,25.57,38,38,2.11
376,Itarema,61,$Y-$m-16 09:33:37,-2.9248,-39.9167,23.45,84,84,3.66
377,Hualmay,46,$Y-$m-16 09:33:37,-11.0964,-77.6139,15.46,83,83,4.98
378,Neuquen,0,$Y-$m-16 09:30:10,-38.9516,-68.0591,-1.06,100,100,1.54
379,Escanaba,100,$Y-$m-16 09:33:38,45.7453,-87.0646,17.17,100,100,1.54
380,Ewa Beach,20,$Y-$m-16 09:33:38,21.3156,-158.0072,24.97,80,80,4.63
381,Killarney,0,$Y-$m-16 09:33:38,52.05,-9.5167,17.03,67,67,2.06
382,Tortoli,0,$Y-$m-16 09:33:39,39.9256,9.6572,27.9,69,69,3.09
383,Talnakh,100,$Y-$m-16 09:33:39,69.4865,88.3972,25.67,48,48,1.1
384,Tommot,65,$Y-$m-16 09:33:40,58.9564,126.2925,21.12,55,55,0.9
385,Kieta,71,$Y-$m-16 09:33:41,-6.2167,155.6333,25.92,87,87,2.27
386,Larap,64,$Y-$m-16 09:33:41,14.299,122.6504,27.95,83,83,2.12
387,Kalmunai,100,$Y-$m-16 09:33:41,7.4167,81.8167,27.51,77,77,3.2
388,Kidal,43,$Y-$m-16 09:33:42,18.4411,1.4078,35.15,27,27,4.12
389,Zistersdorf,31,$Y-$m-16 09:33:43,48.5333,16.75,27.41,57,57,2.68
390,Paamiut,20,$Y-$m-16 09:33:43,61.994,-49.6678,3.01,76,76,3.24
391,Red Bluff,0,$Y-$m-16 09:33:44,40.1785,-122.2358,24.07,25,25,3.09
392,Lewistown,100,$Y-$m-16 09:33:44,40.5992,-77.5714,24.67,94,94,2.06
393,Popondetta,100,$Y-$m-16 09:33:45,-8.7537,148.2534,22.79,98,98,1.34
394,Severo-Kurilsk,100,$Y-$m-16 09:33:45,50.6789,156.125,7.93,93,93,3.82
395,Whyalla,13,$Y-$m-16 09:33:46,-33.0333,137.5833,13.83,73,73,2.96
396,Christchurch,75,$Y-$m-16 09:32:25,-43.5333,172.6333,12.11,57,57,5.66
397,Kadoma,75,$Y-$m-16 09:33:48,34.7333,135.5833,26.03,65,65,4.12
398,Puksoozero,81,$Y-$m-16 09:33:48,62.5903,40.6066,15.99,73,73,4.75
399,Kontagora,100,$Y-$m-16 09:33:49,10.3999,5.4695,26.03,71,71,0.98
400,Tamandare,92,$Y-$m-16 09:33:49,-8.7597,-35.1047,24.3,87,87,4.62
401,Cooma,75,$Y-$m-16 09:29:50,-36.2333,149.1333,7.73,76,76,1.98
402,Kaeo,0,$Y-$m-16 09:33:50,-35.1,173.7833,9.62,91,91,2.34
403,Nyurba,81,$Y-$m-16 09:33:51,63.2842,118.3319,18.05,63,63,1.74
404,Praia,75,$Y-$m-16 09:33:00,14.9215,-23.5087,24.3,73,73,6.69
405,Calnali,53,$Y-$m-16 09:33:52,20.9167,-98.5833,14.27,96,96,0.64
406,Anadyr,0,$Y-$m-16 09:33:53,64.75,177.4833,11.28,82,82,4.0
407,Flin Flon,60,$Y-$m-16 09:34:53,54.7682,-101.865,11.42,85,85,2.32
408,Sechura,3,$Y-$m-16 09:34:54,-5.5569,-80.8222,15.99,89,89,4.96
409,Copiapo,32,$Y-$m-16 09:34:54,-27.3667,-70.3333,6.83,97,97,0.8
410,Baykalovo,16,$Y-$m-16 09:34:54,57.3981,63.7684,24.72,45,45,2.81
411,Bagdarin,62,$Y-$m-16 09:34:55,54.4333,113.6,22.75,42,42,1.87
412,Sturgeon Falls,99,$Y-$m-16 09:34:55,46.3646,-79.9326,21.16,99,99,4.84
413,Birin,100,$Y-$m-16 09:34:56,26.8865,88.0718,20.0,90,90,0.47
414,High Prairie,45,$Y-$m-16 09:34:56,55.4334,-116.4858,7.92,88,88,0.66
415,Bentiu,38,$Y-$m-16 09:34:57,9.2333,29.8333,33.87,37,37,2.71
416,Jijiang,92,$Y-$m-16 09:34:57,29.2906,106.2542,32.98,63,63,2.82
417,Komsomolskiy,6,$Y-$m-16 09:34:57,40.4272,71.7189,33.4,21,21,2.06
418,Nur,100,$Y-$m-16 09:34:58,52.6683,22.3221,20.24,56,56,2.91
419,Devils Lake,0,$Y-$m-16 09:34:58,48.1128,-98.8651,13.99,76,76,9.26
420,Kanniyakumari,95,$Y-$m-16 09:34:59,8.0833,77.5667,30.34,68,68,11.18
421,Karlskrona,100,$Y-$m-16 09:34:59,56.1616,15.5866,17.25,57,57,4.93
422,Arbuzynka,28,$Y-$m-16 09:35:00,47.9097,31.3196,22.77,33,33,2.61
423,Bubaque,70,$Y-$m-16 09:35:01,11.2833,-15.8333,26.6,83,83,7.6
424,Conceicao Do Araguaia,41,$Y-$m-16 09:35:02,-8.2578,-49.2647,20.82,66,66,0.41
425,Fengzhen,28,$Y-$m-16 09:35:02,40.4394,113.1536,29.22,24,24,2.79
426,Huarmey,29,$Y-$m-16 09:35:03,-10.0681,-78.1522,15.96,85,85,4.11
427,Alofi,18,$Y-$m-16 09:35:03,-19.0595,-169.9187,23.94,88,88,3.09
428,Lebanon,0,$Y-$m-16 09:34:19,36.2081,-86.2911,27.42,87,87,1.31
429,Ozernovskiy,100,$Y-$m-16 09:35:04,51.5,156.5167,10.23,80,80,4.86
430,Richards Bay,1,$Y-$m-16 09:35:05,-28.783,32.0377,17.28,44,44,6.26
431,Altos Del Rosario,100,$Y-$m-16 09:35:05,8.7944,-74.1658,22.73,99,99,0.65
432,Solnechnyy,89,$Y-$m-16 09:35:06,50.7214,136.6319,17.12,87,87,3.12
433,Pampas,21,$Y-$m-16 09:35:06,-12.4,-74.9,4.02,87,87,2.18
434,Tigre,96,$Y-$m-16 09:35:07,-34.426,-58.5796,12.0,97,97,0.0
435,Corredor,97,$Y-$m-16 09:35:07,8.64,-82.946,22.48,95,95,1.1
436,Fakse Ladeplads,100,$Y-$m-16 09:35:08,55.2198,12.1701,18.21,68,68,5.34
437,Gangapur,80,$Y-$m-16 09:35:08,26.4833,76.7167,37.42,33,33,4.95
438,Sobolevo,20,$Y-$m-16 09:35:09,54.4299,31.8996,18.22,59,59,5.97
439,Salinopolis,94,$Y-$m-16 09:35:09,-0.6136,-47.3561,23.97,86,86,3.18
440,Hanzhong,100,$Y-$m-16 09:35:10,33.0728,107.0303,32.5,36,36,2.7
441,Nhulunbuy,40,$Y-$m-16 09:35:10,-12.2333,136.7667,26.34,73,73,5.66
442,Bathsheba,40,$Y-$m-16 09:35:11,13.2167,-59.5167,27.34,78,78,8.23
443,Fortuna,100,$Y-$m-16 09:32:06,40.5982,-124.1573,12.77,89,89,0.0
444,Coromandel,0,$Y-$m-16 09:35:12,-18.4733,-47.2003,14.26,72,72,1.63
445,Sesheke,0,$Y-$m-16 09:35:12,-17.4759,24.2968,24.76,21,21,2.8
446,Shakiso,92,$Y-$m-16 09:35:13,5.75,38.9167,19.21,67,67,2.42
447,Guerrero Negro,0,$Y-$m-16 09:35:13,27.9769,-114.0611,16.11,91,91,4.32
448,Tessalit,27,$Y-$m-16 09:35:14,20.1986,1.0114,35.32,22,22,4.52
449,Bonavista,0,$Y-$m-16 09:35:14,48.6499,-53.1147,8.61,78,78,4.21
450,Chiclana,4,$Y-$m-16 09:35:14,-35.7346,-61.7503,3.91,88,88,3.09
451,Narsaq,0,$Y-$m-16 09:35:15,60.9167,-46.05,6.12,43,43,1.28
452,Xiaoweizhai,100,$Y-$m-16 09:36:15,26.1903,107.5125,19.23,98,98,1.25
453,Mogadishu,40,$Y-$m-16 09:35:44,2.0371,45.3438,30.93,66,66,7.2
454,Kaohsiung,75,$Y-$m-16 09:36:16,22.6163,120.3133,29.97,79,79,4.12
455,Chifeng,77,$Y-$m-16 09:36:16,42.2683,118.9636,28.91,27,27,2.51
456,Amapa,61,$Y-$m-16 09:36:17,1.0,-52.0,20.59,98,98,0.06
457,Rolla,0,$Y-$m-16 09:36:17,37.9514,-91.7713,25.12,82,82,4.02
458,Caraballeda,40,$Y-$m-16 09:36:18,10.6112,-66.8522,25.04,94,94,2.06
459,Puerto Escondido,100,$Y-$m-16 09:36:18,15.85,-97.0667,24.86,84,84,1.6
460,Gamba,99,$Y-$m-16 09:36:18,-2.65,10.0,25.36,72,72,3.57
461,San Patricio,72,$Y-$m-16 09:36:19,28.017,-97.5169,28.24,96,96,3.08
462,Senanga,0,$Y-$m-16 09:36:20,-16.1167,23.2667,26.46,23,23,3.62
463,Dicabisagan,47,$Y-$m-16 09:36:20,17.0818,122.4157,28.76,79,79,3.35
464,Thio,44,$Y-$m-16 09:36:20,-21.6167,166.2167,22.98,89,89,4.43
465,Ciudad Bolivar,100,$Y-$m-16 09:36:21,8.1222,-63.5497,23.62,91,91,2.38
466,Orange Walk,22,$Y-$m-16 09:36:22,17.8333,-88.8333,22.15,98,98,0.89
467,Vao,98,$Y-$m-16 09:36:22,-22.6667,167.4833,23.65,83,83,10.15
468,Soyo,5,$Y-$m-16 09:36:23,-6.1349,12.3689,25.82,64,64,3.94
469,Puerto Narino,99,$Y-$m-16 09:36:23,-3.7703,-70.3831,21.42,99,99,0.39
470,Ust-Nera,100,$Y-$m-16 09:36:23,64.5667,143.2,15.97,60,60,1.54
471,Villazon,32,$Y-$m-16 09:36:24,-22.0866,-65.5942,-1.54,22,22,1.07
472,Wang Saphung,75,$Y-$m-16 09:36:24,17.301,101.7685,27.64,100,100,1.03
473,Mokobeng,0,$Y-$m-16 09:36:25,-22.9965,27.6678,18.21,17,17,1.66
474,Zhigansk,0,$Y-$m-16 09:36:25,66.7697,123.3711,15.5,44,44,8.89
475,Katsuura,100,$Y-$m-16 09:36:25,35.1333,140.3,21.79,87,87,10.72
476,Lata,99,$Y-$m-16 09:36:26,40.1629,-8.3327,23.37,53,53,1.22
477,Mayor Pablo Lagerenza,0,$Y-$m-16 09:36:26,-19.9309,-60.7718,20.36,74,74,3.61
478,Lazaro Cardenas,100,$Y-$m-16 09:36:26,17.9583,-102.2,25.11,90,90,6.74
479,Rocha,100,$Y-$m-16 09:36:27,-34.4833,-54.3333,10.0,91,91,1.84
480,Ixtapa,100,$Y-$m-16 09:36:28,20.7,-105.2,24.57,94,94,1.34
481,Quimper,0,$Y-$m-16 09:36:28,48.0,-4.1,22.32,37,37,5.14
482,Roebourne,35,$Y-$m-16 09:36:28,-20.7833,117.1333,25.06,49,49,3.64
483,Rafsanjan,0,$Y-$m-16 09:36:29,30.4067,55.9939,37.28,7,7,2.91
484,Vermillion,0,$Y-$m-16 09:35:21,42.7794,-96.9292,19.28,56,56,3.77
485,Urubicha,0,$Y-$m-16 09:36:30,-15.3833,-62.95,17.77,93,93,0.71
486,Puqi,84,$Y-$m-16 09:36:31,29.7167,113.8833,29.1,70,70,4.11
487,Ancud,77,$Y-$m-16 09:33:33,-41.8697,-73.8203,7.35,75,75,4.15
488,Flinders,11,$Y-$m-16 09:36:32,-34.5833,150.8552,15.66,66,66,3.13
489,Swakopmund,0,$Y-$m-16 09:36:32,-22.6833,14.5333,19.43,57,57,1.34
490,Sindor,100,$Y-$m-16 09:36:33,62.8629,51.8905,17.04,95,95,2.5
491,Aklavik,0,$Y-$m-16 09:36:33,68.2191,-135.0107,8.3,59,59,2.0
492,Cravo Norte,73,$Y-$m-16 09:36:34,6.3017,-70.2041,22.32,88,88,1.07
493,Umm Lajj,0,$Y-$m-16 09:36:34,25.0213,37.2685,30.44,63,63,5.35
494,Port Shepstone,2,$Y-$m-16 09:36:34,-30.7414,30.455,17.16,46,46,8.34
495,Denpasar,40,$Y-$m-16 09:36:35,-8.65,115.2167,28.81,79,79,3.6
496,Tateyama,100,$Y-$m-16 09:36:35,34.9833,139.8667,22.83,87,87,11.04
497,Kirakira,79,$Y-$m-16 09:36:36,-10.4544,161.9205,26.25,85,85,3.98
498,Kavaratti,99,$Y-$m-16 09:36:36,10.5669,72.642,28.12,71,71,8.24
499,Nuuk,75,$Y-$m-16 09:36:37,64.1835,-51.7216,1.34,93,93,1.54
500,Clyde River,100,$Y-$m-16 09:37:37,70.4692,-68.5914,-1.87,100,100,13.38
501,Xining,35,$Y-$m-16 09:37:38,36.6167,101.7667,26.8,14,14,2.4
502,Abapo,0,$Y-$m-16 09:37:38,-18.8333,-63.4667,8.02,83,83,1.27
503,Tangwani,0,$Y-$m-16 09:37:39,28.2787,68.9972,46.63,12,12,5.44
504,Kismayo,65,$Y-$m-16 09:37:39,-0.3582,42.5454,28.54,66,66,6.53
505,Karratha,31,$Y-$m-16 09:37:40,-20.7377,116.8463,24.9,48,48,3.84
506,College,75,$Y-$m-16 09:37:40,64.8569,-147.8028,15.67,71,71,1.54
507,Yar-Sale,6,$Y-$m-16 09:37:40,66.8333,70.8333,20.04,32,32,9.32
508,Gornopravdinsk,48,$Y-$m-16 09:37:41,60.05,69.9,22.28,35,35,5.77
509,Ulladulla,15,$Y-$m-16 09:37:41,-35.35,150.4667,8.76,70,70,4.43
510,Barra Patuca,99,$Y-$m-16 09:37:42,15.8,-84.2833,22.9,95,95,0.52
511,Suleja,100,$Y-$m-16 09:37:42,9.1758,7.1808,26.32,73,73,0.52
512,Auray,83,$Y-$m-16 09:37:43,47.6703,-2.9918,24.19,60,60,5.88
513,Aljezur,97,$Y-$m-16 09:37:43,37.3191,-8.8033,22.06,63,63,0.95
514,La Macarena,100,$Y-$m-16 09:37:43,2.1837,-73.7849,20.55,97,97,0.58
515,Obala,99,$Y-$m-16 09:37:44,4.1667,11.5333,24.82,81,81,1.78
516,Adrar,5,$Y-$m-16 09:37:45,20.5022,-10.0711,38.02,7,7,8.07
517,Auki,90,$Y-$m-16 09:37:45,-8.7676,160.7034,24.96,87,87,2.75
518,Aviles,0,$Y-$m-16 09:37:46,43.5547,-5.9248,24.66,78,78,2.57
519,Nemuro,100,$Y-$m-16 09:35:03,43.3236,145.575,11.69,99,99,6.72
520,Maceio,100,$Y-$m-16 09:33:17,-9.6658,-35.7353,22.69,88,88,2.06
521,Nioki,58,$Y-$m-16 09:37:47,-2.7167,17.6833,32.49,45,45,1.65
522,Chuy,99,$Y-$m-16 09:37:47,-33.6971,-53.4616,9.95,91,91,2.01
523,Lere,100,$Y-$m-16 09:37:48,10.387,8.5726,28.41,54,54,1.46
524,Tautira,48,$Y-$m-16 09:37:48,-17.7333,-149.15,26.14,77,77,8.44
525,Lima,0,$Y-$m-16 09:35:22,-12.0432,-77.0282,13.14,88,88,2.57
526,Petrov Val,93,$Y-$m-16 09:37:49,50.1434,45.2096,22.09,62,62,2.48
527,Zhaotong,100,$Y-$m-16 09:37:49,27.3167,103.7167,15.96,82,82,0.48
528,Bandarbeyla,50,$Y-$m-16 09:37:50,9.4942,50.8122,32.79,46,46,10.99
529,Katunino,86,$Y-$m-16 09:37:50,64.3862,40.6298,14.94,73,73,4.75
530,Parvatipuram,100,$Y-$m-16 09:37:51,18.7833,83.4333,36.23,40,40,2.88
531,Concarneau,93,$Y-$m-16 09:37:51,47.875,-3.9225,24.34,45,45,4.15
532,Kangaatsiaq,100,$Y-$m-16 09:37:51,68.3065,-53.4641,2.54,75,75,2.15
533,Bilma,46,$Y-$m-16 09:37:52,18.6853,12.9164,38.17,21,21,1.15
534,Karpathos,20,$Y-$m-16 09:37:52,35.507,27.2132,26.98,69,69,10.29
535,Port-Gentil,40,$Y-$m-16 09:37:53,-0.7193,8.7815,26.98,74,74,6.69
536,Guntur,98,$Y-$m-16 09:37:54,16.3,80.45,37.94,33,33,2.02
537,Salinas,0,$Y-$m-16 09:36:30,36.6777,-121.6555,14.45,74,74,3.6
538,Anaconda,49,$Y-$m-16 09:37:54,46.1285,-112.9423,6.55,76,76,1.99
539,Salta,0,$Y-$m-16 09:37:55,-24.7859,-65.4117,2.33,93,93,2.57
540,North Bend,100,$Y-$m-16 09:37:55,43.4065,-124.2243,13.29,97,97,5.66
541,San Carlos De Bariloche,20,$Y-$m-16 09:37:55,-41.1456,-71.3082,4.02,75,75,7.2
542,Ayorou,77,$Y-$m-16 09:37:56,14.7308,0.9174,34.31,39,39,1.68
543,Lillooet,98,$Y-$m-16 09:37:57,50.6856,-121.942,11.28,92,92,2.05
544,South Bend,75,$Y-$m-16 09:37:57,41.6834,-86.25,27.21,76,76,4.63
545,Rio Tercero,7,$Y-$m-16 09:37:58,-32.173,-64.1141,9.14,44,44,2.43
546,Pierre,0,$Y-$m-16 09:34:59,44.3683,-100.351,17.7,74,74,7.72
547,Santana Do Ipanema,100,$Y-$m-16 09:37:58,-9.3783,-37.2453,20.01,92,92,1.6
548,Ahome,41,$Y-$m-16 09:37:59,25.9167,-109.1833,26.86,63,63,1.56
549,Petropavlovsk-Kamchatskiy,100,$Y-$m-16 09:37:59,53.0452,158.6483,7.33,100,100,2.0
550,Caravelas,86,$Y-$m-16 09:39:00,-17.7125,-39.2481,20.04,77,77,0.68
551,Flagstaff,0,$Y-$m-16 09:36:08,35.1981,-111.6513,17.81,26,26,1.55
552,Palau,75,$Y-$m-16 09:39:00,7.503,134.621,26.98,78,78,2.57
553,Alakurtti,100,$Y-$m-16 09:39:00,66.9672,30.3491,8.26,93,93,6.88
554,Takoradi,100,$Y-$m-16 09:39:01,4.8845,-1.7554,22.87,95,95,3.38
555,Slavjanovo,4,$Y-$m-16 09:39:01,43.4667,24.8667,25.7,39,39,2.84
556,Kolyvan,74,$Y-$m-16 09:39:02,55.3053,82.7391,20.79,58,58,4.77
557,Sebezh,100,$Y-$m-16 09:39:02,56.2955,28.4654,18.17,54,54,4.15
558,Bukene,8,$Y-$m-16 09:39:02,-4.2333,32.8833,30.76,27,27,2.42
559,Sanming,100,$Y-$m-16 09:39:03,26.2486,117.6186,22.59,98,98,0.38
560,Pinehurst,0,$Y-$m-16 09:39:03,35.1954,-79.4695,23.44,86,86,2.06
561,Tiarei,25,$Y-$m-16 09:39:04,-17.5333,-149.3333,24.01,77,77,9.23
562,Dubai,0,$Y-$m-16 09:35:44,25.2582,55.3047,40.16,22,22,3.6
563,Mareeba,43,$Y-$m-16 09:39:04,-17.0,145.4333,20.4,98,98,1.71
564,Datong,22,$Y-$m-16 09:39:05,40.0936,113.2914,30.69,22,22,3.39
565,Kandhla,90,$Y-$m-16 09:39:05,29.3167,77.2667,39.27,26,26,2.99
566,Avera,41,$Y-$m-16 09:39:06,33.194,-82.5271,25.03,89,89,2.38
567,Ust-Kulom,97,$Y-$m-16 09:39:06,61.6864,53.6902,21.47,81,81,2.96
568,Ustye,80,$Y-$m-16 09:39:07,59.6304,39.736,16.85,73,73,5.62
569,Belyy Yar,0,$Y-$m-16 09:39:07,53.6039,91.3903,26.03,41,41,8.0
570,Srednekolymsk,16,$Y-$m-16 09:39:08,67.45,153.6833,17.3,23,23,6.29
571,Tucupita,96,$Y-$m-16 09:39:08,9.0622,-62.051,21.98,99,99,1.18
572,Labytnangi,25,$Y-$m-16 09:39:08,66.6572,66.4183,23.08,35,35,4.29
573,Byron Bay,0,$Y-$m-16 09:34:32,-28.65,153.6167,15.52,71,71,1.15
574,Olga,96,$Y-$m-16 09:39:09,43.7444,135.2892,13.85,88,88,1.79
575,Biu,90,$Y-$m-16 09:39:09,10.6129,12.1946,30.12,45,45,2.83
576,Altukhovo,1,$Y-$m-16 09:39:10,52.67,34.36,20.76,46,46,4.52
